name,age
Makenna Hudson DDS,jaime@daugherty.net
Abdiel Predovic,kallie.goyette@kojakubowski.io
Kathlyn Reichert,adrain.mayert@beckerwunsch.org
Caesar Ferry,eunice@little.biz
Anika Kihn,dameon_waelchi@tremblay.org
Hellen Romaguera,lawson_wintheiser@shields.com
Consuelo Smitham,ernie@krisbecker.biz
Martina Ruecker,rebeka_price@ritchie.name
Alaina Murazik,graciela@quigley.com
Fred Kling,garrick@schuster.info
Ms. Amber Wiza,kareem@rowe.com
Rey Nolan I,shania@auerbotsford.co
Gabriella Zulauf,oswald@ankundingyost.org
Carlo Hintz,german_grant@mills.co
Mellie Price Sr.,jamey.marvin@stehrtrantow.info
Kristoffer Veum,asia_dooley@medhurst.com
Raven Gerhold,maureen_king@botsford.net
Lyla Jakubowski Jr.,ines.ward@brekkerunte.info
Madeline Stehr,theresia@littel.name
Trystan Herzog,savannah.denesik@balistreri.org
Mr. Kasandra Vandervort,kailyn@deckow.io
Carlos Weimann,rosetta@klein.net
Fermin Wuckert,marshall@weberreynolds.co
Velva Littel,vern.prosacco@orn.com
Wade Veum,eldon.ward@carroll.org
Mabel Heller,quentin@zulauf.info
Frankie Jast,estell@mclaughlin.com
Walton Halvorson,price.corwin@bayermohr.io
Vincenzo Donnelly,braulio@frami.name
Bessie Orn,clair@mcclure.name
Ceasar Murray,candido_grant@ratkemarquardt.biz
Chauncey Harris,marlene.kerluke@borerhintz.net
Howard Schaden DDS,kaelyn@ferrydeckow.co
Bianka Feil,lauriane@maggio.net
Miss Gino D'Amore,payton@beerhansen.org
Nora White II,myles.kautzer@considine.co
Marta Luettgen,eldred@cummerata.name
Verda Grady,mozell.bosco@croninmills.co
Dana Mraz,jasper@baumbach.io
Jules Turner,madyson@pacocha.info
Nettie Beatty,jane.marquardt@reichert.org
Hosea Tremblay,tabitha@moore.name
Angelita Jakubowski Jr.,america_wisozk@gutkowski.io
Mr. Kenna Larkin,linda.hilpert@tillman.biz
Chadrick Hills,harry.tillman@denesikankunding.co
Jermain Halvorson,monroe_prohaska@lang.name
Mason Runte,floie@denesik.name
Ulises Bins,emelie.ankunding@okeefe.info
Colby Goodwin DDS,maude_mccullough@willms.co
Vance Treutel,chasity_batz@mills.biz
Carrie Armstrong,brisa.hyatt@steuber.net
Florine Schiller,elenora_macgyver@harveybotsford.name
Kamryn Stiedemann,reymundo.klocko@mrazweimann.org
Lenny Bradtke,jeanne.oberbrunner@windlerreynolds.net
Mathias Bradtke,darian.mayer@rogahn.biz
Anastacio Harber,gabrielle@zieme.org
Karianne Brekke,alexander@nikolauswiegand.biz
Aliya Russel III,fred@mueller.info
Addison Feil,nyah@kunderoberts.com
Tyrell Braun,justine@kertzmann.info
Ford Reinger III,omer.ratke@gaylord.co
Haskell Kling,hoyt.gusikowski@gerhold.info
Kristy Hilpert,kian@dibbertlehner.org
Vernice Considine,brennan@kulas.com
Luella Bergnaum,clement.senger@cronin.net
Luz Botsford,christina.kiehn@veum.info
Oswaldo Kessler,christelle@hagenes.info
Will Hansen Jr.,mariela@monahan.biz
Prudence O'Kon,maverick_barrows@bartoletti.org
Leonel Harvey,horacio.jones@gulgowski.net
Savanah Von,janice@ruel.name
Dayana Bogan PhD,bradford@gerhold.info
Niko Koelpin,eloy@reinger.net
Triston Satterfield,lucinda_welch@whitewitting.co
Leanne Bernhard,monty@leannonsenger.name
Ms. Kay Nicolas,vanea_krajcik@schoen.info
Remington Wisozk,eliseo@rauvonrueden.info
Mr. Johathan McKenzie,stephen.brown@zulauffay.info
Akeem Conn,tanya.davis@emmerich.info
Ms. Ava Swaniawski,haven_becker@steuber.co
Molly Ortiz IV,hyman.zboncak@okonturner.net
Rupert Abernathy,brayan@wintheiserstracke.name
Mrs. Leonor Frami,ethel.kunze@ritchie.io
Carolyne Kub,jalon@hickle.name
Ethan Lang,sheridan_mueller@funk.com
Deanna Robel,freida@kuhic.co
Elian Gorczany,ethelyn.lueilwitz@kihn.net
Dr. Burdette Beatty,stella_bartell@crist.biz
Viviane Sauer IV,ayla.vandervort@gerholdschuppe.net
Mr. Orion Lesch,america_ondricka@ullrichkrajcik.name
Cassandre Lakin,valentina@cummings.net
Yasmine Torp V,clementina@connprosacco.name
Mr. Scarlett Keebler,amie@herzog.io
Zander Casper,kayley.spencer@ankundingframi.com
Stephanie Okuneva,eula.yost@schambergerbeatty.io
Jacquelyn Roberts,iliana.marquardt@parker.net
Urban Brown,verdie@abernathy.info
Solon Blick DDS,frederic_dicki@lesch.name
Rusty Schinner DVM,griffin@schoen.biz
Monique Runolfsdottir,guy@hayes.com
Kennedi Trantow,cornell@hahn.net
Camilla Franecki,evan_yost@parker.net
Georgette Metz,christy@wolff.info
Francesco Kemmer,ada@franecki.name
Edgar Gusikowski,hilbert@medhurst.net
Garnet Hickle V,everardo.jakubowski@kozey.name
Jadon Nitzsche,maida@bauch.io
Deon Hills,marina_zemlak@kreiger.co
Mathew Ferry,yasmin.kris@maggiokuhn.net
Ryder Langworth,nicklaus.jaskolski@zulaufglover.info
Alvera Sporer,arch_swift@wuckertmosciski.io
Nelle Mueller,anna@parker.name
Dante Davis,dixie_lind@klocko.biz
Eli Zulauf,hermann_greenholt@sipewaniawski.org
Filiberto Gulgowski,jaycee_crist@adams.info
Reva Oberbrunner,darwin@hudson.biz
Sophia Mraz,aliza@hoeger.biz
Clifton Schuster,tiara@ruel.com
Ada Johnson,wendy@hilll.net
Noemy Barton,mia@hahn.net
Jaiden Grimes,renee.douglas@raynor.name
Trisha Weimann,stacy.ratke@pacochamacgyver.name
Marisol Koepp,roberto.harvey@eichmann.name
Richie Gerhold,spencer_renner@erdmankeeling.com
Pinkie Rutherford,gail.ledner@flatley.io
Fernando Nitzsche,ryley@grady.io
Gina Kshlerin,keenan.boehm@hintz.org
Elissa Dach,jeremie@kreiger.info
Ella Goldner,kitty@brekke.biz
Carolyne Funk,ro@turcottesimonis.io
Libbie Lemke MD,reginald@ko.info
Turner Pfeffer V,howell_sporer@harber.name
Eveline Roberts Jr.,woodrow_leffler@coleebert.name
Lance Rowe,junior@borer.co
Dr. Aurelio Kihn,jason.mraz@thompson.com
Eloisa Hyatt,ezequiel_abbott@bailey.com
Fleta Von III,margret_trantow@cremin.name
Lucius Carter IV,joana@weber.name
Marisol Emard,edgardo_skiles@farrell.net
Joaquin Hammes,devyn@leffler.co
Ettie Braun,floyd.lind@prosacco.net
Keeley Turcotte,sheila_johnston@nikolauskling.info
Kirstin Reichert,marty_bosco@mayert.org
Luna Gaylord,eloise@stanton.com
Corine Reichert,lela_oberbrunner@thielgleichner.biz
Francesco Sawayn,yoshiko_moriette@armstrongroberts.biz
Lavon Barton Jr.,zackary@hoppe.io
Gussie Lindgren III,selina_simonis@goldner.info
Kaitlyn Jast,gus@pfeffer.net
Jevon Wisozk V,kiera@rutherford.name
Isobel Moore,doyle.larson@schulist.com
Eladio Corwin I,mikayla_casper@goyettebraun.name
Nyah Legros,monserrat.feest@wisozk.org
Dolores Altenwerth,aletha_wiza@donnelly.com
Madeline Terry,heath@kuhicstreich.io
Miss Quinton Doyle,orin@heidenreich.info
Lorenz Weimann,rafaela.heller@willmskozey.info
Jamaal Stark,camilla@robel.io
Tiffany Kilback DDS,brielle.smitham@paucekbailey.org
Janae Schaden,reina.stiedemann@thompsonschaden.biz
Trycia Murphy,gabriella.murazik@moore.com
Ransom Mann,letha_armstrong@schadenbednar.org
Stephan Weissnat,kitty@ziemebruen.io
Jamel Daugherty,judy_cronin@hills.biz
Modesto Rutherford,adolphus.hayes@terryconn.org
Howard Fritsch,meaghan@oreillymante.name
Dorthy Volkman,garfield_lakin@padberg.org
Taurean Weissnat,christophe@welch.co
Shirley Kunze,christ_mertz@vonrueden.name
Nicholas Strosin,peyton.brekke@waters.com
Georgiana Weissnat Jr.,keyshawn@rice.com
Zoe Stiedemann,zola@stoltenbergwisozk.com
Yvette Johns I,lon.brakus@nader.net
Miles Ratke V,vern@pfeffer.com
Juliana Kuphal,lizeth@paucek.info
Eli Batz DDS,kraig@schulist.net
Tara Shanahan MD,alvis.towne@breitenberg.net
Gregory Fadel,bernice@keeling.biz
Beth Hudson,sedrick@ortizpfeffer.com
Lavonne Pfeffer Jr.,rosalia.lehner@lueilwitzjacobson.info
Felicity Rodriguez,terence@mante.org
Lelah Eichmann,elinore_beer@schaefer.org
Napoleon Lebsack,joany_bechtelar@leuschke.com
Freda Senger,tobin.gottlieb@feeneygottlieb.io
Ora Schuster,lawson_wiegand@bergnaumullrich.name
Ms. Seamus Kuvalis,lulu.zieme@feilwilderman.co
Mrs. Jovan Hudson,jillian@kertzmann.io
Mariano Hessel MD,joel_ondricka@luettgenvon.com
Jay Skiles,casper@dicki.info
Hudson Marvin,gianni_fahey@daniel.io
Janet Hegmann,marcus@emmerich.name
Alvera Dickinson,albina_schaefer@legros.io
Tremaine Ziemann,sarina@homenickstark.biz
Jeanne Kerluke,alexandre.herman@bergnaum.name
Myrtice Ernser,guillermo@shields.info
Shyanne Towne,jaiden@bartonschumm.name
Kira Kuvalis III,edyth.walsh@marvinhamill.net
Izaiah Tillman DVM,isai@goldner.com
Sonia Muller PhD,vena@wuckert.info
Gabriel Mann,clement@stammzboncak.io
Demond Buckridge,skylar.sanford@brown.biz
Ayana Hagenes MD,blair.steuber@grimeswuckert.com
Annabel Hamill Sr.,stanton@lakinschaefer.org
Maurice Bergnaum,norval@rogahnkling.co
Rashad Haag,adeline@fadel.info
Mr. Roxanne Pfeffer,americo@gleason.name
Eudora Mante,gilda_kuphal@kub.com
Maya Harris,lafayette@wunsch.com
Chyna Auer,corbin.block@carroll.org
Shad Purdy,carlotta.murphy@trantow.net
Mr. Alberta Littel,jaylin@kozey.com
Ricardo Paucek Jr.,elisabeth_green@kingdonnelly.info
Lela Borer,keely_little@thompsongibson.net
Leanna Casper PhD,daren.dach@hintz.io
Josefina Mayer,kasey@mueller.net
Amelie Brekke II,jermey@lowe.io
Terry Ebert,stan.abshire@kuhlmanschaefer.co
Leonor Terry,guie@kozeykaulke.co
Chandler Hessel,elroy@hermann.net
Arch Ebert,royce@schumm.org
Dr. Helga McKenzie,eve_barton@harvey.biz
Mr. Rosanna Cronin,brenda.bradtke@rice.io
Lempi Howell,ethelyn_halvorson@buckridge.org
Roselyn Roob,jay.daugherty@mclaughlin.co
Flo Hahn,demarco@smitham.org
Mrs. Robin Raynor,celine_littel@kub.name
Mr. Leatha Nienow,michele.ruecker@wuckert.info
Rogelio Rutherford,bethany@connelly.org
Leopoldo Kiehn,sidney@uptondeckow.com
Vidal Eichmann,alysha.koelpin@bartoletti.com
Kameron Muller,sebastian.pacocha@moriette.biz
Sandy Brown IV,lexi_beier@marquardt.org
Kira Hagenes,pinkie_stanton@kuphalbins.org
Ms. Jose Ruecker,kyler@kautzerterry.com
Jody Hettinger,allene_heidenreich@cronin.net
Miss Idella Jast,murl@greenfelderfadel.biz
Hanna Hackett,laney@conn.net
Maynard Hilll,nelle@welch.net
Mrs. Moises Kunze,jannie@stiedemann.net
Dino Conroy,earnestine@keler.info
Emanuel Quitzon,charity@damore.net
Loy Hansen MD,friedrich.trantow@hills.biz
Estrella Herzog,reymundo.harber@konopelski.net
Ricardo Kuhic I,melvina.wisozk@champlin.org
Bernice Gorczany MD,waylon@schmelerbrakus.org
Norris Hodkiewicz,raquel@nicolas.net
Evalyn Hettinger,gaston@lowe.info
Dr. Kristy Spinka,stephany_hane@weinatbashirian.co
Claudia Price V,nelda@koch.com
Mr. Mafalda Corwin,brionna@stehrshields.name
Rupert Goldner,christop.waters@wiza.com
Carli Homenick,gunnar_swaniawski@gislason.org
Esteban Eichmann,delmer_hagenes@conn.info
Mafalda Schuppe,rudy@koelpin.io
Enoch Bergnaum,emery@parisian.com
Stella Rempel,ruth@sanford.com
Rudolph Mosciski MD,gerhard@goyette.net
Austen Schinner,quentin@schuppe.name
Miss Kiara Daniel,leonora_auer@stromanbuckridge.io
Mrs. Alyce Walter,kailey@christiansen.org
Berniece Klocko,litzy.hartmann@mcclureziemann.co
Ms. Izabella Rolfson,tristin.hudson@mclaughlin.net
Misty Shanahan,michale@romaguera.com
Dr. Vergie Spencer,colby@smith.biz
Lonnie Bergnaum,helen_deckow@klocko.info
Dwight Mayer DVM,dylan@champlin.com
Loy Wisoky,tyshawn@windlerhalvorson.net
Miss Tomasa Purdy,florencio@boyle.co
Walker Baumbach,meaghan@herman.net
Ilene Dickinson,nathanael.hand@zboncakroberts.biz
Mrs. Adelia Schowalter,lenora@konopelski.net
Jermey O'Conner,berneice@boylebahringer.info
Mrs. Emerald Lueilwitz,blaise@thompsonmurphy.info
Mrs. Susie Gaylord,leonard@boyle.io
Leif Dicki,dell_white@kundebruen.io
Ms. Morris Corkery,jamison.mckenzie@rolfsonleffler.org
Bettie Huel III,shyann.stamm@cain.org
Name Kautzer,caidy@ankunding.org
River Stamm Sr.,cordell@dickensjaskolski.name
Esperanza O'Conner,audrey_lindgren@luettgen.name
Mrs. Alfreda Bartoletti,elvie@bergnaum.name
Dr. Abdul Mante,dallas_larson@botsford.net
Eric Crooks II,laisha@wisoky.co
Mrs. Daniela Cummerata,constance@huelrutherford.org
Judson Hayes,braulio@murray.io
Lea McLaughlin,mckayla_wyman@rippin.info
Dean Wilderman,tillman@johnsonbode.biz
Mrs. Arnold Parker,samanta.crist@upton.io
Fleta Ledner,halle@klingturcotte.net
Miss Margot Huels,leonor@nicolas.info
Ulises Dare,elvie@sporercorkery.name
Cathryn Blanda,candace@connellyohara.name
Elmore Nienow,francisca.gibson@robertszulauf.co
Leopold Green,oran_kerluke@stromanbailey.com
David Ledner,warren@erdmankuhlman.co
Monte Kuhlman,stephon@welchkunde.org
Ronaldo Feeney,aidan@ankunding.name
Brandyn Tillman,toy.mckenzie@runte.info
Roselyn Cronin,angelita@adamspredovic.biz
Kaya Lesch I,marie.powlowski@glover.com
Asia Steuber,cecile@nolan.io
Antone Kuhn,romaine.bednar@keebler.org
Hosea Erdman,lilla@erdman.org
Anibal Fritsch,jace@west.io
Jordon McLaughlin,helen@cruickshank.biz
Ernesto Bashirian DDS,dianna@hickle.io
Kasandra Ebert I,deborah@quitzon.info
Mason Price II,fermin.marks@deckow.biz
Rose Gaylord,cecilia.veum@koeppcarroll.com
Cassandra Davis,pauline@kuhic.com
Annabelle Schaefer,callie.beahan@schambergerernser.co
Althea Funk,jaden.schultz@durgan.name
Ms. Destany Kemmer,wilfrid@rice.io
Alverta Prohaska,elsie_hettinger@collier.name
Ben Homenick,lucienne.dare@tillmanboyer.com
Dr. Jamaal Fisher,caroline.ebert@rutherford.com
Miss Joe Berge,ibrahim@murray.net
Henry Kilback,constance@stark.info
Ernest Ankunding,bill@boylepagac.org
Jayden Jacobi,newton@morarprice.name
Helen Lubowitz,luella.oreilly@mann.co
Roosevelt Bins,odie@boehmwiza.info
Dandre Quigley DVM,vada.murazik@rau.io
Rosalyn Block,harry@breitenberg.io
Jefferey Conn V,frida_nader@thielbeer.net
Kian Donnelly,flo@fisher.info
Brandy Bartell,alexandra_price@heathcote.net
Rolando Monahan,reymundo@yost.co
Loraine Bogisich,rosalinda_marvin@kelerbrakus.com
Levi Greenholt III,shanon@steuber.name
Verdie Breitenberg,kiana_osinski@cartwright.name
Mrs. Jasper Gislason,julian@mertz.org
Bernadette Barrows,donny@hills.co
Lina MacGyver,caesar_kuhic@jakubowski.org
Nicklaus Mayer,jonathon.eichmann@wardmitchell.net
Vena Kling,vivian_corkery@boehm.io
Miss Quinton Wilkinson,caleigh.hoeger@marquardtthiel.biz
Einar Ward IV,clyde_schmeler@prohaska.org
Golda Lubowitz,tyra@lindquigley.io
Joelle VonRueden,lori_spencer@koch.biz
Katarina Purdy III,hillary@hegmann.io
Raphael Bradtke,dallin@kiehn.biz
Adalberto Kulas,evelyn.nader@harris.name
Hailey Howe,alexane_lemke@davis.org
Laurianne Keeling,carson@beahan.com
Monserrat Schimmel,edwina.emard@pfeffer.co
Yadira Walsh,kay.gottlieb@gulgowski.com
Rene Collier,elvie.metz@doyle.co
Dr. Kris Kessler,katelyn@murazik.net
Mrs. Johnpaul Swift,felicita.monahan@ruecker.co
April Prosacco,aubrey@kunde.net
Mr. Jerel Zulauf,carrie@cartwrightabbott.info
Deangelo Schiller,isac_hilll@stokeslangworth.biz
Willy Schmitt,jolie_gibson@haley.info
Mr. Camden Harvey,marlene_mcdermott@torphyjohns.info
Valentina Gorczany,alyce_stamm@schuppe.net
Harley Farrell,verner.howe@williamson.info
Bernice Pollich,kaya@weberfriesen.org
Reymundo Morar,demetris@goyette.co
Alexis Lubowitz,ulises.dare@dubuquewuckert.com
Doug Carroll,mozell@daugherty.io
Andrew Kirlin,josh.jones@rau.net
Herminia Doyle II,phyllis@batz.com
Shea Howell,adonis_stroman@beahan.com
Eloisa Davis,lauryn.jerde@dietrich.co
Pearlie Lowe,cierra@watersgreenholt.name
Jalon Bosco,bert.green@kilback.io
Ivy Purdy Sr.,dimitri@cain.co
Vicenta Quigley,arnulfo_ondricka@pagac.org
Kristofer Walsh,eryn.bailey@kelerjohnston.co
Emilie Beahan,schuyler@mayer.name
Geo Veum,dock@luettgen.com
Herman White,alyce.jenkins@breitenberghills.co
Miguel Kohler,gunnar@stokesharris.io
Jaylon Heaney,travis_larkin@barrowchmitt.io
Camylle Mraz,dariana.trantow@pagac.biz
Mr. Edison Conroy,krystina_wunsch@grimechulist.name
Lesly Stoltenberg MD,manuela@raynor.net
Lila Blick,hubert_kunze@damorepaucek.biz
Torrey Zulauf,kaylah_rippin@hermansawayn.com
Ocie Crist,alexzander@hickleharvey.biz
Dillan Little,marie@dach.biz
Isabella Kovacek PhD,ron@pollich.org
Myra Heller Jr.,chet_klocko@kling.io
Anjali Hickle,damien_welch@stromanbrown.name
Una Wyman Jr.,johanna@kovacekfay.name
Carolyne Koch,anastasia@tillman.io
Damien Lang,philip@carter.co
Nakia Heaney,chaz@yost.co
Royal Herman,marion@mayer.net
Delphia Olson,jovani_muller@quitzon.io
Victor Wiza,montana@grantupton.org
London Ernser PhD,cindy@johnson.net
Jarrod Ferry,natalia_douglas@hagenesyundt.info
Rick Rice,lelia@lebsack.org
Lessie Schumm,eula.hagenes@leannon.info
Randy Mann,kyla.kozey@blanda.com
Joanne Pagac,dudley.grant@cummingswisozk.com
Johathan Reilly,dillon.jacobson@roobmccullough.io
Kim Rosenbaum,austyn@bechtelar.org
Kareem Gulgowski,herta@marvinabernathy.co
Katelynn McLaughlin,natalie@spencer.info
Allene Gulgowski,lorine@connhills.net
Benton Schmeler,cordie@bernhardpaucek.biz
Rebeka Wunsch Sr.,cordie_jacobi@lemkerolfson.biz
Vladimir Adams,monte.monahan@yundt.io
Emilio Langosh,danial_medhurst@skiles.co
Jerod Altenwerth,maximo@macgyver.info
Rico Herzog,johnpaul_beatty@berge.name
Mrs. Nikko Stiedemann,geo@predovic.org
Ms. Shania Kessler,gustave@gleasonstroman.io
Bud Dickinson MD,rolando_block@blockrolfson.org
Sammie Raynor,donnie_conroy@oreilly.biz
Mara Strosin,karen@okon.io
Hyman Kuhic,lizeth@donnellysporer.name
Ms. Keira Torphy,verdie.ruecker@cummerata.info
Brenda Von IV,william@lehner.name
Cecil Paucek,mabel@zulauf.net
Priscilla Strosin,rowena@dietrich.info
Buford Zboncak,viola.greenfelder@gutmannmurray.io
Modesta Koch,blaise_lynch@price.name
Korey Hilpert,gaston@bergnaum.org
Dr. Nigel Barrows,orval_stamm@romaguera.biz
Miss Therese Aufderhar,ivy@boehmjerde.name
Angeline Hoeger,nella@trantow.name
Bradly Hyatt Jr.,alford@boyer.info
Ansel Lueilwitz,kyler@herman.biz
Catharine Stracke,brant.stanton@kovacek.io
Jamel Ernser DDS,minerva.buckridge@greenholt.org
Christa Schinner,jarod_okon@bednar.co
Vernice Rogahn DVM,cornelius@considinerunolfsdottir.co
Rigoberto Romaguera,haylie_cremin@pouros.io
Gayle Ritchie,emmanuel@emmerich.name
Mr. Vicky Koelpin,ambrose_senger@greenholt.info
Nadia Cummerata,nickolas@leannon.co
Juwan Altenwerth,lorenza_wolf@bins.co
Dashawn Russel,camron_hintz@wehner.net
Ignacio Lehner,tyler@lubowitzlang.biz
Erling Gutmann,delpha.schiller@lueilwitz.io
Jonatan Olson,brendan@fisher.net
Mrs. Tyrique Pollich,luz.schneider@batzwisozk.net
Garland Walsh,melvin_abernathy@rath.com
Kristin Stroman III,effie_oreilly@beattyernser.name
Frederique Goyette II,tremaine_friesen@lebsack.net
Bertha Lind,gabriel.turner@dooley.biz
Hershel Wuckert II,mya@senger.name
Giovanna Harber,garnett@pollich.io
Glenda Kunze,santino@kshlerin.info
Rodger Johns II,emily.stoltenberg@jakubowskileuschke.biz
Jaquelin Rau,adela.roob@jaskolskigleichner.co
Kathlyn Hodkiewicz MD,jaleel@rathschultz.net
Gregorio O'Keefe,preston@hodkiewiczlabadie.io
Rebeka Parisian,earnest.hirthe@altenwerthkeeling.com
Ms. Emile Wehner,lane@sawayn.io
Anna Nader,eve@schmittschinner.info
Ms. Leta Reynolds,ronaldo_cummings@lowe.org
Marguerite Rolfson,raul@rosenbaum.com
Katrine Jerde,lilliana.marquardt@windler.io
Miss Kirk Fisher,lyda@green.org
Xavier Beier,brianne.willms@reilly.co
Thalia Lindgren,corrine.hahn@nicolas.net
Nathanial Ruecker,lelah.turner@heaneykuphal.com
Ciara Shields,lillie.dooley@wymanullrich.net
Jackie Morissette,karlee.kohler@dibbertabbott.biz
Sarina Kuhlman,keara@willmskemmer.com
Manuel Johnson,lowell@tremblayrenner.io
Genevieve Lueilwitz,randal.dach@schmittwest.biz
Lelah Kshlerin,ramona.walter@fadel.name
Dr. Erick Dooley,cornelius@kuhic.io
Lester Dooley,newell@weimann.com
Mr. Olaf Robel,brody_ernser@cartwright.io
Herbert Schmeler,elsie.stamm@larson.info
Leo Labadie,vidal.hodkiewicz@thompson.info
Heloise Watsica,lonzo@batz.com
Elizabeth Ratke,reynold.berge@kuhn.info
Wava Goldner,gerhard@hettinger.net
Robb Ledner,rod_larkin@bashirian.co
Rubye Streich V,glenda@block.org
Izaiah Berge,eva@dickinson.name
Sebastian Reinger,henderson@thiel.info
Yvette Dach IV,dallin_nienow@price.net
Christian Fadel,gina.pollich@boyer.org
Rosanna Conroy,giles_howell@hettinger.com
Miss Cornelius Schowalter,dolly@ruecker.name
Murl Friesen,caleb@harris.com
Miss Therese Erdman,berry.kiehn@ruel.info
Ova Jakubowski,moriah_hettinger@botsford.name
Mrs. Effie Doyle,paul@donnelly.org
Lina Heller,emanuel@pricebergnaum.name
Euna Toy,shirley@shields.org
Sammie Murray,clotilde_eichmann@volkmanwill.name
Roy Blick DDS,jeyca@naderwiza.co
Bertram Kilback II,emanuel.friesen@hermistonreinger.com
Walter Parker,katelynn@bauch.io
Carolina Hauck,anais.parker@larkin.name
Mr. Jackie Denesik,gayle_doyle@klockovonrueden.co
Rowan Baumbach,eve_nienow@mills.io
Alfredo Davis,trace@padberg.biz
Arvilla Medhurst,lulu@douglas.net
Macy Kling,adela.pfeffer@faymacgyver.co
